Unnamed: 0,credit_rating,debt_to_equity,energy_capacity,esg_rating,region,predicted_bond_value
1000,BB,0.9250152561114134,49.98100007475751,20.77585604059442,Europe,150016.0
1001,AA,2.404028175080887,29.55507316938944,90.18400943292096,North America,121344.0
1002,BBB,2.00861852256108,9.684889766777257,94.95744417500843,North America,126720.0
1003,AAA,2.7898941263653265,20.601846696452924,78.53560560605928,Europe,114688.0
1004,CCC,0.4484154819423674,32.44051314594637,4.152142410975424,Europe,90624.0
1005,AAA,0.9881376486245396,18.191960451005077,71.73456293361315,Asia,87040.0
1006,AAA,1.2791910770769794,31.96263710733205,28.589912017546336,Europe,92416.0
1007,BBB,-0.4220968771940299,56.61833804872947,16.36411532255423,Asia,130816.0
1008,AA,0.3904038863321573,38.08778403736028,73.439308593762,Europe,94464.0
1009,AAA,2.8987185665695088,50.17295970479345,35.03804379835077,Europe,139776.0
1010,BB,1.977589066643937,27.859446700198543,78.74032934997634,Europe,154368.0
1011,AAA,1.9038919908926224,20.80913648588568,59.16332722768607,Asia,105984.0
1012,BBB,-0.0854958827176062,34.70298151954923,36.18887641240147,Europe,110080.0
1013,AA,1.45996428145689,12.828832005235425,43.460941045800425,Asia,100608.0
1014,BB,0.7565227484249268,23.09622795599744,67.77649029152855,North America,120832.0
1015,AAA,0.4550813556251294,20.95770941184186,31.42321998298454,Europe,67072.0
1016,CCC,0.6282945629766606,39.22189429098275,91.9243989757864,North America,99840.0
1017,AA,0.6583155414999364,17.83203053774464,95.9047403511402,North America,77824.0
1018,AAA,0.334178535479531,28.074654897890237,59.99090247725222,North America,67328.0
1019,AA,1.9314426861287288,29.79037165266415,85.23080194662197,Europe,117504.0
1020,CCC,1.424779800863953,9.145363722753974,4.182247038375708,North America,83712.0
1021,AA,1.7473260598596223,62.90698739510533,32.92274725587826,North America,134144.0
1022,AAA,2.154267557719767,37.78312332619176,73.69240963407093,North America,111616.0
1023,AA,0.9057138867747104,29.039691772695512,50.9726295517366,Asia,104448.0
1024,AAA,0.6757684128705429,26.009635076323207,4.138039281372297,Asia,83712.0
1025,A,0.769879902701125,64.12599326184304,14.934774073497625,Europe,137216.0
1026,AAA,2.2934276083291114,49.14081628159093,90.952841368211,North America,125184.0
1027,AAA,2.1556956266518608,19.26638888427772,0.6057657497580471,Europe,96512.0
1028,CCC,1.4124117837989667,65.6472831244601,28.30333719155392,North America,134144.0
1029,AAA,2.2977514252933644,11.907359942112478,18.009382906916837,North America,88576.0
1030,AA,1.6072959906282462,28.804720015632363,14.072922364782604,North America,100864.0
1031,B,0.7499351790209388,50.28610983462365,83.69978699137793,North America,101376.0
1032,AA,1.8495368566360948,11.788880352124782,0.0744554701949007,South America,104704.0
1033,AA,1.1282351182839343,39.29064622406203,52.01431074894496,North America,102912.0
1034,AAA,1.4431506826614564,3.32812787144098,73.56659841537308,North America,67840.0
1035,AAA,1.189911588846896,44.66535036065453,94.92376089279216,Europe,105728.0
1036,AAA,1.366872450056583,16.25743071792591,90.68754626086236,Europe,84224.0
1037,AA,2.503728933437876,60.51651240770086,27.30277372751835,North America,146432.0
1038,BBB,1.8511261750505517,22.68078826026714,94.74808343089258,North America,134912.0
1039,AAA,2.916503898942836,68.59837297306109,12.331861571247938,North America,149504.0
1040,B,1.1822057931685463,9.072313751832857,71.97398198302635,North America,72960.0
1041,BB,1.3716653489322703,40.226284630561935,82.91752081221814,Europe,153856.0
1042,AAA,1.4882644600838155,13.091253890752652,93.42746142071924,Europe,83968.0
1043,AAA,0.5888921864854713,80.84671561198816,68.05388194823796,Europe,124160.0
1044,AAA,1.2711778519879302,15.35933562667939,8.476916455283657,Asia,86016.0
1045,AAA,1.348682861428287,38.79963846273888,95.40386949512856,North America,98304.0
1046,CCC,1.116800494435139,34.09466456517025,25.396864663537244,North America,100864.0
1047,AA,2.1225089645751742,44.970308556265415,4.851856146086709,North America,124160.0
1048,A,1.2662935118408398,33.122034354085905,61.34206066956711,Europe,122624.0
1049,B,1.6978976404547312,19.184913371335355,26.990605720866345,Europe,94464.0
1050,AAA,1.8664545993457244,17.390192152667673,0.6743276455620228,Asia,98816.0
1051,AA,1.295063326295618,23.33980737764055,22.33586815962524,South America,105472.0
1052,AAA,2.0304980506764174,30.038571263436488,57.75294654330724,North America,101632.0
1053,BB,1.375283820362854,38.15052797909021,93.6626268581212,North America,147456.0
1054,AAA,2.6241083251918225,34.65632799578372,46.96710702296032,Asia,131072.0
1055,BBB,0.6804025049627193,33.91344727715174,81.95874382529071,Asia,136192.0
1056,AAA,0.0271311740027884,29.60637858012981,12.680760260518742,Europe,65280.0
1057,BB,0.607982592813646,47.027029860134206,91.76363738180396,Europe,145664.0
1058,BBB,0.4743978493057963,67.72002080585868,67.1212490297848,North America,145920.0
1059,AAA,0.6693610098667291,47.983045404810355,16.143148794639806,North America,88576.0
1060,AA,2.952965731651968,12.65120917041621,68.87168951828285,Europe,121344.0
1061,AAA,2.015312192462365,13.090439214913957,80.03142048021222,North America,87808.0
1062,AAA,1.4302730508953772,27.748381353289425,6.835635923895344,Asia,99840.0
1063,B,0.586242193376107,54.589696454589976,27.53224174656982,Europe,103936.0
1064,AAA,0.437557268348546,30.545785663464248,69.55662042094048,Europe,77568.0
1065,AAA,1.3774045979422112,20.286837796136876,61.81457956610789,North America,80896.0
1066,AAA,1.0732355416763155,15.712430755169574,74.7682223419983,North America,71680.0
1067,AAA,1.9392270068533808,0.4160120020422709,62.84224398331868,Europe,79616.0
1068,AA,-0.6484555048299996,47.25951284505759,74.39113525601958,North America,77056.0
1069,AAA,2.2704045460071267,25.947517526449648,69.04197417955707,Asia,118016.0
1070,AA,1.5347902934881286,55.38615065749957,64.37671830848079,Europe,131072.0
1071,AAA,0.7459063403085507,32.28618846459732,59.36333450639155,Europe,84224.0
1072,AA,1.2298608172105985,30.24261634522989,43.95776100180508,North America,96512.0
1073,AA,2.1082855295908103,20.197362094380622,90.84992958092316,North America,107520.0
1074,BBB,1.1869609253474156,26.219125721943144,86.00679560152147,North America,124672.0
1075,AAA,0.2792981882524696,41.55874762948813,8.81204906288705,North America,75008.0
1076,AA,0.3566488543917046,7.339479798904688,48.03601471534925,North America,60160.0
1077,BB,2.0525882185507953,25.995752695803365,50.203181853362146,North America,147200.0
1078,AAA,0.945725094332464,7.226360855267262,89.84337675353189,North America,62720.0
1079,AAA,1.989865255867024,7.153300555267449,21.290570527925254,North America,78592.0
1080,BBB,3.3199712314583745,38.01827783269241,25.714719047139024,Europe,177664.0
1081,B,2.2853771135487086,15.031815268343411,74.39868003448636,North America,99584.0
1082,AA,1.3657320493711536,30.586578996276316,84.24006477223277,Asia,116736.0
1083,AA,0.5781927552424355,54.529228447897715,45.61369661833059,South America,120320.0
1084,CCC,1.266625920285222,52.02406456392189,52.816586668840905,Asia,135680.0
1085,BBB,-0.1323090638785478,14.566553783956255,32.52172023371285,North America,86016.0
1086,AAA,0.7376926181662005,49.84291338481734,58.05229441092735,Europe,99328.0
1087,CCC,1.0084938470385925,24.310707643416382,67.00737692711483,Europe,98048.0
1088,BBB,1.4625912243928887,3.080553533642136,57.22296632608009,Asia,122880.0
1089,A,2.6912453366712192,39.70666349393724,56.68769925778348,North America,150016.0
1090,BBB,1.7691054666330173,30.135563482245185,25.22122297386996,Asia,150528.0
1091,A,1.1493282403323497,18.46757120252372,79.96502268064457,North America,103424.0
1092,AA,0.2947772608814162,10.905135824344145,77.5116260848795,North America,63744.0
1093,B,1.318555316472761,8.897140132939702,70.18652521131708,North America,75264.0
1094,AA,0.9558052601890548,17.88871999915966,47.17116200073901,Asia,95488.0
1095,B,1.5009316998456868,57.014010240666714,14.250416253407217,Asia,132352.0
1096,BB,2.209363760428245,29.50856794195918,13.345228733811089,Europe,156416.0
1097,B,1.0832922848206916,27.535388500429324,49.89729952792501,North America,85760.0
1098,BB,1.20326373874365,25.357387494078814,66.02505844353533,Europe,136704.0
1099,AAA,1.3750033028957815,5.569094107225844,40.92184464571077,North America,66560.0
1100,AA,1.3106629787610706,12.53098757484724,51.75891572598705,Europe,88576.0
1101,A,0.5911349202290924,19.48938663722642,33.362866388052396,Europe,96000.0
1102,AA,1.484079961388811,43.01320751908524,64.43305882175356,North America,113664.0
1103,AAA,0.5760332995266048,28.744591709767835,80.58388575704768,Asia,88576.0
1104,AAA,1.1850243100847035,12.135090643587136,95.78768291820327,Europe,77312.0
1105,AA,2.791990343368378,17.576849478379287,28.809544490327944,North America,114688.0
1106,BBB,1.4240140442410358,52.09777063474584,56.0609766239177,Europe,155392.0
1107,B,0.4119602844610053,47.60540916850398,75.76050481963544,North America,91904.0
1108,BBB,0.6441903087533751,55.41572993627857,77.41649435126932,North America,139264.0
1109,A,0.8193082755676837,34.561833812233175,98.28167256157276,North America,112128.0
1110,CCC,0.0261820157543875,80.71695994738181,26.520505227870707,South America,135680.0
1111,BB,1.5130028510230913,17.14424032407757,88.38857202203143,North America,131328.0
1112,AA,1.0806618526973777,17.812000941610652,42.44163003006145,North America,82688.0
1113,A,0.6329471964931539,18.919916881799384,68.29980424046997,Europe,98560.0
1114,B,1.2712006482313287,30.948913516143683,86.52115397899851,North America,94720.0
1115,AAA,2.4558216645643274,58.04307767856571,65.24162223522687,Asia,149504.0
1116,BB,1.3776399125311791,27.39864188267757,14.56650502270006,North America,133376.0
1117,B,1.1440941105491251,18.065329737837786,96.94144912234358,Europe,87040.0
1118,AA,1.8973168477809048,32.600840109589676,21.191991906012618,North America,110080.0
1119,AAA,1.3436902256290522,0.194431471149573,1.9370107293141705,North America,58880.0
1120,CCC,0.5531365804132446,64.19965514771026,60.70754090920274,South America,133376.0
1121,AAA,1.550017023032389,45.397163765345624,96.90493159133209,North America,108032.0
1122,AAA,1.1427931177455406,21.19354868911965,94.372743949109,Europe,84480.0
1123,AAA,2.0171430385647846,33.091744838181896,16.288942842622976,Europe,106752.0
1124,AAA,1.7034536343441355,51.66176167682926,0.5279975061960318,North America,110592.0
1125,B,1.968446665224134,18.65616939774513,25.919221504959655,Asia,108544.0
1126,AA,2.015577243388809,9.380652164634206,70.59660259915906,Europe,100352.0
1127,BBB,2.9659966753071143,34.93096133889736,1.5304417660788938,Europe,166656.0
1128,AAA,1.7781299358934284,9.634126348770208,0.033321891658633,Europe,80896.0
1129,AAA,-0.0944021895033659,61.20900628969317,46.98879032803186,North America,87296.0
1130,BBB,0.574462993606093,18.74574754351451,39.42204367086914,Asia,118528.0
1131,AA,1.6689765464636044,3.4358923265365333,60.251349421219416,North America,82688.0
1132,BB,2.1974357308845915,16.07760972779782,92.352779588385,Europe,149248.0
1133,A,-0.9511993321218002,39.90624247461877,74.08015753280432,North America,81408.0
1134,AA,0.3419840222459825,39.19018184422288,5.17992568909762,North America,84992.0
1135,B,1.8596862109597505,39.016422083567434,98.54894332217076,Europe,119040.0
1136,AAA,1.7307641866307495,19.54331619881515,51.47263653717506,Europe,91648.0
1137,AA,2.389232388415813,48.4102429944871,2.798625654122666,North America,132096.0
1138,AAA,1.849951606605222,11.510681184528297,10.815372668186196,North America,79104.0
1139,AAA,1.173012427532708,38.73724984936487,75.94266469641742,North America,93696.0
1140,AA,0.8816990975201533,24.245117360666537,10.832023338476626,North America,82688.0
1141,AAA,1.0929630620663957,16.42187556491993,44.52410593752203,Europe,76288.0
1142,AAA,0.7261494660475709,53.89184130062758,76.07946148875173,North America,98304.0
1143,BBB,0.6744626022628415,43.67983823425633,85.63433048977038,Europe,135424.0
1144,BBB,0.6853542020893931,26.867630058833768,46.36359380727701,Europe,118528.0
1145,AAA,2.679056017831077,38.00090963345772,45.48550963562343,North America,120320.0
1146,AAA,1.728790310987211,24.837814629019125,2.4954969219085688,North America,87808.0
1147,AA,1.962102804759062,5.699228026796878,88.38634132971198,North America,91904.0
1148,BBB,2.082506447430018,26.032661447601548,21.63850708192321,North America,137728.0
1149,AAA,2.60391230336199,38.5891709235583,11.716803778693352,North America,117248.0
1150,AAA,1.4430064597073873,39.91268256941616,40.74133822807566,North America,97792.0
1151,B,1.460260607557553,30.628381032975337,17.24831905637837,North America,93696.0
1152,B,2.623339190355322,10.676439861896766,87.34304049093264,Europe,108288.0
1153,BBB,1.9071822811062848,44.63475694588665,63.56957052873772,North America,153088.0
1154,BBB,1.1813007591634723,26.252332537755795,57.17206892402095,Asia,137728.0
1155,AA,1.8030926343176887,8.62118085967656,73.7978382122912,Europe,96000.0
1156,AAA,1.3032357346442325,52.812930873255446,43.38521204133481,North America,106496.0
1157,BBB,1.8260299869425904,42.86138306423113,69.16142600440513,Europe,155904.0
1158,AA,1.6209756262520367,34.56082232396248,31.725332116200967,North America,107008.0
1159,AA,1.1658761278510694,14.374188718762712,40.61617888639019,Europe,86528.0
1160,AAA,0.8929124474370183,33.71877882213175,48.395288737300405,North America,82432.0
1161,CCC,1.0433917386682827,31.12329572344,59.309653489583894,North America,98816.0
1162,AAA,1.1434071503313128,28.4703031200331,89.64618837441039,Asia,99840.0
1163,AAA,0.7853098143709216,42.154975651250744,31.33755326207218,Europe,91904.0
1164,BB,1.1736311402707793,10.495255260838327,69.71089409899672,Europe,123392.0
1165,AAA,1.883149603589228,9.817663507959669,67.94058475106368,North America,81664.0
1166,AAA,1.6048162023662569,56.586817985863846,0.3533004042670651,South America,128000.0
1167,AAA,0.581362628859637,56.27994440038962,56.81940234726262,North America,96512.0
1168,A,1.1008733726047746,33.76279081029129,30.461060551340346,Asia,127488.0
1169,A,1.0014169028457327,10.680117836381536,14.076461241003813,Asia,104448.0
1170,B,0.9422192643354323,15.697083847862778,94.0954422680438,North America,75520.0
1171,BB,1.486854684489633,5.846213921520397,1.4915709605434646,Europe,121088.0
1172,AAA,0.8055419918252693,17.86701029743585,10.66657273400572,Europe,69888.0
1173,BBB,2.8042703193989142,26.94955953225128,33.105052392813725,North America,153088.0
1174,A,1.833348209307749,2.706800217221343,42.88131830186711,Europe,105984.0
1175,BB,1.8385521547083712,51.01100310010247,18.331937869861846,Europe,168192.0
1176,AA,2.7316175759952905,59.29955500044173,0.2339076748742896,North America,147968.0
1177,AAA,1.5101605690281203,19.730621393949395,20.11042926861378,North America,80384.0
1178,AA,2.2703953316106613,16.016224125370602,72.56530159961326,North America,105984.0
1179,A,1.0464065003795608,26.159116532320564,55.77151170040913,Europe,112128.0
1180,BBB,2.3016826099574126,28.460168435160128,25.654825641247236,Asia,159232.0
1181,AAA,0.5837577953211991,20.30995535188806,30.049357530684308,North America,63488.0
1182,AAA,2.118985261067228,7.527456361729065,11.439411520011056,North America,80896.0
1183,BBB,0.2306644212648905,58.33812110132912,53.74804220082453,North America,132352.0
1184,AAA,1.0414515706007172,37.45809971559264,67.51784265082702,Asia,104448.0
1185,BBB,0.8867472041497002,44.037618471069386,27.92779028114105,Europe,136192.0
1186,BBB,1.2046104568211466,44.225708896803525,10.703200480279374,Europe,141568.0
1187,BBB,0.461327853318243,9.270662857558106,88.03878087306146,Europe,101376.0
1188,AA,1.6227910709597104,47.66119651896922,1.2335187013754023,North America,116736.0
1189,BBB,0.7382907851006288,29.3671347744384,26.11003776115135,Europe,120576.0
1190,AAA,2.107083526605676,23.437718814916416,51.06612877814074,Asia,111616.0
1191,AAA,1.6261138324473632,34.70234868926233,87.34856392693254,North America,99584.0
1192,AA,0.2343941903152986,18.997705625293047,90.01433615385933,North America,70400.0
1193,AAA,0.5661570954940955,10.573161697572514,31.59452502694181,North America,54784.0
1194,AA,0.3995798686666544,10.871593955652266,58.521702132194896,Europe,69888.0
1195,B,1.5426975439851427,45.600859810318326,7.431550379662355,Europe,113152.0
1196,B,1.7364928774283843,36.92030471282274,74.42151071917948,Europe,113408.0
1197,AAA,1.8901791185062915,25.80125340565965,35.752174346929365,North America,93696.0
1198,A,0.2101214587200874,36.349184888270585,92.9960329830849,North America,101632.0
1199,AA,0.970056259646879,13.075585494533682,13.87758416770014,North America,74752.0
1200,AAA,-0.9103797337257636,17.216647856692287,11.879269201508924,Europe,36352.0
1201,AAA,2.7210347090700715,9.62571366710101,62.284209410988886,Europe,102656.0
1202,A,1.312602228275097,42.67052030793594,83.83070239406302,Asia,142592.0
1203,AAA,0.1340647043753087,25.80324428113871,56.81598610675332,North America,61440.0
1204,A,1.2352633087438667,38.73980983080104,95.93779914299851,Europe,129024.0
1205,AA,0.5926289229418911,9.818361610907724,31.59138183822353,Europe,71168.0
1206,A,1.1297701896031012,6.237595338593974,94.0867281665088,Europe,98560.0
1207,B,1.726117724434418,58.35109332412956,78.22846031798115,Europe,132096.0
1208,AAA,1.3541680431299383,33.82695492168138,1.1136443704725107,Asia,103168.0
1209,BBB,1.601098107185087,38.807133658495154,78.83167437122019,North America,143104.0
1210,BB,1.566921390873221,26.624006147806252,0.6846408757031464,Asia,150272.0
1211,CCC,0.9371059874309134,24.78946782389594,97.64380691449117,Asia,108544.0
1212,A,0.2862922096881676,34.003172161254064,66.10960921863882,North America,99328.0
1213,AAA,1.4863187918450746,53.25059499065561,61.50738485083222,Europe,116992.0
1214,BB,-0.3936929586175357,7.497408883225071,23.72081306494577,North America,82432.0
1215,AA,-0.0947226368819187,4.061917393455445,18.879932237799256,Europe,52224.0
1216,AA,-0.1131915737368338,69.30828820937481,95.14908056158131,North America,108032.0
1217,AAA,0.4281327416756531,54.09706942816744,52.200409696345694,North America,91392.0
1218,AA,0.3624131191872447,31.501412873934303,50.80539111046608,North America,81408.0
1219,AA,1.318088061897808,1.6203786640664772,76.47763019038686,North America,75264.0
1220,BB,1.8856546962268377,14.03677121871209,54.47350746176186,Asia,148736.0
1221,BB,0.6726424001020476,49.74091915421562,38.6495734155058,South America,155648.0
1222,BBB,2.3139962454481013,25.56026780377774,97.6245478148389,Europe,151808.0
1223,AAA,1.843637728332584,6.253518922834826,86.84522122062845,Europe,84480.0
1224,AAA,1.676864603520905,56.363502696831546,82.7378537423406,North America,119296.0
1225,CCC,0.9337304885968368,47.76577285008669,76.22536891413367,North America,112128.0
1226,BBB,2.004556678517149,9.701336233299156,59.1766879793234,North America,124416.0
1227,CCC,0.8710571576827091,49.79604352052068,10.791353047358998,Asia,123648.0
1228,AA,-0.1438700343886152,39.08074122517679,63.644207933736126,North America,79104.0
1229,AAA,0.8476132254109414,7.234450439651173,97.3685052607956,North America,61440.0
1230,AAA,1.9142421775904712,18.69671506193729,93.51785251757234,North America,91648.0
1231,A,1.3249038136856373,31.535365949765325,52.14952370173028,North America,116480.0
1232,A,2.0630069555709456,34.07694868061746,83.87889606870915,Asia,149504.0
1233,B,0.8780307882903023,37.48389134493983,92.80276330933644,North America,93184.0
1234,A,0.5565840172137642,11.330044583642758,20.257971873464655,Europe,87552.0
1235,AAA,2.070833033952539,14.682848233941003,97.43339365520715,North America,91392.0
1236,BB,1.2160099604643568,11.693348635489489,46.12810671905574,North America,118272.0
1237,AAA,3.11965774053198,25.42387011132038,51.22436047972685,Asia,132864.0
1238,A,2.0395364643086396,14.971483070052974,78.66630225219531,North America,117248.0
1239,AAA,1.7017066209943992,11.900161001157862,15.42676985510506,North America,76800.0
1240,AA,2.617064519936121,26.12482239867991,5.4876153952232665,North America,117248.0
1241,AAA,2.171551976663994,29.141539780898775,38.45235550800219,Europe,107776.0
1242,BB,1.3619534494070995,36.39533619526623,33.242758332210975,Asia,156672.0
1243,AA,0.8658258196500207,7.666980893744402,15.227135625281884,Europe,73472.0
1244,B,1.676174696606746,38.1725450730045,28.78995349880631,Asia,120064.0
1245,CCC,2.3651927197414007,32.58960160878529,70.57476584782945,North America,126208.0
1246,B,1.9443865600831345,17.49696972752565,63.06576270439931,North America,94464.0
1247,AA,0.4875418337138754,19.972397587134,48.76292684123149,Europe,79104.0
1248,AA,0.841829416360429,47.52186991196848,16.656533049834444,North America,102400.0
1249,AA,1.3111411894059035,33.878511761062995,98.7784386113712,Europe,110080.0
1250,AAA,1.6425285983301436,15.577919305645963,49.057436099761176,North America,80896.0
1251,AAA,2.45855198512991,35.15162881415405,94.06684919829831,North America,116480.0
1252,AAA,1.635588117445129,16.061168414937153,59.992395673705104,Europe,87296.0
1253,BB,0.0969888335212227,23.600960037824457,15.950894275800698,North America,105472.0
1254,BB,0.3259611994547784,38.595295837604944,48.77509494290408,Asia,139776.0
1255,B,-0.034692446846952,23.57656994920421,44.45113418179892,North America,60672.0
1256,A,0.41140983944402,22.575871191078996,60.772286490401626,Europe,97024.0
1257,CCC,0.1953878785746665,34.42343849047145,20.52704348398534,North America,82944.0
1258,BBB,1.7940264709585136,26.951576775984353,70.67944729262341,North America,136192.0
1259,AAA,3.084686428928324,14.685512529545791,5.122490054443074,South America,120320.0
1260,AA,0.3294255932477795,20.18272924580045,93.32319985850344,Asia,88320.0
1261,AAA,1.7745451091247206,29.696245010234065,90.03743609632974,South America,113408.0
1262,BB,1.35081142741551,29.92986402369174,35.35706654829025,Europe,141568.0
1263,AAA,0.9577929201139188,46.73302644906722,77.27936354973404,Europe,102144.0
1264,AAA,0.8884720329124578,22.541798800323107,25.444655663137727,Europe,76544.0
1265,AAA,1.150092703499014,11.986324684027451,64.5902921309725,Europe,74752.0
1266,AA,1.3826926709850107,38.59032668235125,82.01877691912054,North America,109056.0
1267,A,1.2200717768260083,12.293856100071384,13.670492357233233,Europe,100608.0
1268,AAA,3.5354060738978306,18.01194282926262,47.46611634428902,North America,119296.0
1269,B,1.899256873873181,8.478269535441878,1.1193754257103894,Europe,87296.0
1270,BBB,0.0750622986229898,28.54895800378091,0.0395200715348931,Asia,114944.0
1271,AAA,-0.1248911049152563,12.55133919500694,59.34568251610472,Asia,59904.0
1272,AAA,0.0800794981614219,27.199512143135568,97.19809232029642,South America,79104.0
1273,BBB,2.023550887492694,46.469016156674925,74.4717868018086,North America,157696.0
1274,BBB,1.062000033376684,32.54097702158633,69.82541024549776,North America,126720.0
1275,CCC,1.1056222703678906,42.56559647229616,47.410749386385895,Europe,114688.0
1276,AAA,0.6044733634367063,5.833416098538466,25.436631440229107,North America,51200.0
1277,AAA,0.4591356406412451,30.84679255722829,67.98553036107256,North America,72704.0
1278,AAA,0.890931183744905,30.58490452920268,42.277476631332135,North America,79104.0
1279,AAA,1.5029523168447732,22.125699654880073,58.83322284453064,Europe,89856.0
1280,BBB,0.4174129707421465,32.54290746579532,80.25657033489696,North America,115200.0
1281,AAA,1.144866768828266,16.451287260746366,35.53745042398664,North America,71424.0
1282,CCC,1.7998291888837104,17.449450817231117,49.17282355675387,North America,100864.0
1283,BBB,1.0110742009873837,26.05770091919753,3.559983791175636,Europe,121600.0
1284,AA,2.2540682749956424,32.320345237318605,62.48006563951552,North America,119296.0
1285,B,0.4617624921631045,36.32556188157145,39.95796322657797,Europe,86272.0
1286,BBB,1.7952811905673745,38.039723115101765,18.69079208544463,Europe,147968.0
1287,B,2.122508185369081,69.11956803870846,54.29415749070656,South America,157440.0
1288,B,0.5730663420168156,1.0743638755423912,11.06592327214081,North America,50688.0
1289,B,1.3766835589657094,22.925994244141943,76.86527677275659,Asia,103936.0
1290,AAA,1.1744588609071511,12.761881736281094,53.779890715327895,North America,69888.0
1291,BB,2.755537617235839,25.87108699950952,46.90512871680292,Europe,165888.0
1292,AAA,0.6062226847612022,32.96622412609758,76.0506733219986,South America,92928.0
1293,CCC,2.421747929599104,31.60854203721098,23.170575970846187,Asia,138240.0
1294,CCC,0.6316294311482856,42.95307155572116,83.92299114797589,North America,102656.0
1295,AA,1.6262944935661998,26.876665993263472,28.02956949328244,North America,100352.0
1296,AA,0.8442430830581239,20.348295200484294,18.225141641556963,North America,78848.0
1297,AAA,0.426606020598213,12.930498470636133,43.19071516699786,Europe,60416.0
1298,BB,0.5336069307904772,49.814418206833466,31.934353433576774,Europe,143104.0
1299,CCC,0.1003976753273088,13.624652235520152,9.217213005553248,Europe,67840.0
1300,BB,0.8949434634004154,22.23054935367561,29.16970036014817,Asia,135168.0
1301,AA,0.8415842304328849,35.37585601953978,57.228520618458624,Europe,99840.0
1302,A,0.5926418650492529,37.47667130967013,83.14298438861195,North America,109312.0
1303,AAA,-0.5154884400361286,34.229012634717414,56.94157593420118,North America,56320.0
1304,AA,1.6515157421584596,27.57343875404104,22.368035019354704,North America,101120.0
1305,AA,1.9020456136347368,13.89584348806084,47.587589823867305,Europe,100864.0
1306,AA,0.1963178080009955,59.97879948293687,81.41451365936352,North America,104960.0
1307,AAA,1.3374862326012058,54.16260669034284,5.031310101593123,Asia,120832.0
1308,AAA,0.2721915119733678,19.8046709266948,57.07965597208337,Europe,64256.0
1309,BBB,0.7876918764904521,71.4881919697667,91.81078041974202,Europe,162304.0
1310,BB,2.3198342250767316,66.92007952846318,77.64499566194473,Europe,195072.0
1311,BB,1.6116452932439518,27.898290409818888,64.54279932188884,Asia,156160.0
1312,BBB,1.9317029753992645,22.461939614443427,77.39080292197067,Europe,140544.0
1313,BB,2.211583418816528,24.046198951827822,27.93315207958187,North America,147200.0
1314,AAA,1.721767333725278,19.918443368865884,66.62895119415005,North America,87296.0
1315,CCC,1.368653013742469,15.318630517282394,36.78568791662452,North America,89856.0
1316,A,1.6023634183700834,27.50648930972869,83.74098833675566,Asia,134912.0
1317,AAA,1.4371559552202042,20.91763686812234,55.72126471288471,Asia,97024.0
1318,A,1.9502561812946295,37.80642819688578,76.93266505179506,Europe,140800.0
1319,BB,0.364474470219815,38.99605345579717,97.477597266333,South America,144128.0
1320,AAA,0.5650395198493394,19.14193507582057,82.74734662752842,Europe,70656.0
1321,BBB,1.9437549277109625,46.04514111337575,66.40317800202008,North America,155392.0
1322,BB,1.1827283118554883,27.694835317025657,96.03218200314454,Europe,140032.0
1323,BB,0.756200867163909,17.80343755299294,71.30676972302315,Asia,131328.0
1324,A,2.547533741811697,16.93288959192071,75.11966795108992,North America,128512.0
1325,BBB,1.7867965677617923,61.14782849279792,12.27632041894584,North America,162304.0
1326,AAA,0.2189962816624979,4.163258241086246,87.06959564716409,Europe,51456.0
1327,BBB,1.438708243505618,25.90889220605049,66.86775485575744,North America,128000.0
1328,AAA,0.8640509178743413,22.46137074683784,25.351912742963663,North America,70656.0
1329,B,0.693407938982018,29.52846975849752,63.756520006352815,Europe,86272.0
1330,AA,0.8715285242178312,25.219044137410208,7.652822764976253,North America,82944.0
1331,AAA,1.5503492924397646,31.535432779827556,36.00571313042506,Europe,97792.0
1332,BB,0.4162960160269261,15.495012436468594,72.38286138053843,North America,108032.0
1333,AAA,1.9587186034138957,29.191281524702976,75.11480704852333,South America,115712.0
1334,BB,1.0675334747467675,10.951547848990918,37.11656552542219,Asia,129280.0
1335,AAA,0.3350963483553785,10.0240541596874,71.64650145735156,North America,52480.0
1336,A,0.5708509219682606,60.1842661730971,12.598743367166264,Europe,129792.0
1337,BBB,0.9908786795440808,48.04823121341278,91.80043934144705,North America,140288.0
1338,AAA,1.164432991717196,30.763029177431633,79.44861741895647,North America,86784.0
1339,AA,0.9076407681390232,7.802052115555319,12.299174981825246,Europe,74240.0
1340,A,1.8416607759853472,15.42958101789552,42.091027887356304,North America,111616.0
1341,BBB,1.5837847512357506,54.22076324880831,57.47889043828762,North America,154880.0
1342,AA,-0.3571267130056543,14.697117220879324,95.55552385460568,North America,55552.0
1343,AA,1.1878701868158124,36.21289974278856,87.42632683199385,Europe,109056.0
1344,AAA,1.8073831945420484,34.495048596575714,80.21306615701613,South America,117760.0
1345,AAA,0.4724810503287575,12.17022198783176,32.65552843700452,Europe,59904.0
1346,B,1.190168743617852,46.91558933818534,51.52462573673281,North America,104960.0
1347,A,0.714481338671291,12.656345647990438,26.350911263914867,Asia,101632.0
1348,CCC,1.3930995082081563,56.86407463915811,21.66352457217707,Europe,131072.0
1349,AA,2.0274334567033216,26.87434577340941,95.68781109288152,Asia,126976.0
1350,AA,1.3455245805584042,13.198492244176515,27.36316453132619,North America,82944.0
1351,AAA,0.4868179378368136,20.15594653673287,19.090425096180407,North America,60928.0
1352,B,1.3066175283681416,26.021595460984653,48.52190806723714,North America,88832.0
1353,AAA,0.6802876326873379,18.86926969521437,75.18203077517893,Asia,81920.0
1354,AAA,0.3484066189926293,23.62372764900823,64.028357725688,Europe,69376.0
1355,AA,2.216598473761883,32.50991389761646,2.0232685016461582,North America,114944.0
1356,BB,1.429937516665844,64.35671024517602,97.8400166984838,South America,186624.0
1357,AA,0.828825738356451,17.687115238733075,95.13034892827254,North America,80896.0
1358,B,2.820862962748877,21.053283697201543,49.95794613041078,North America,113664.0
1359,CCC,1.7046006826451892,12.97292936762558,90.9546850422777,North America,97536.0
1360,AAA,1.845701999400298,36.7165593301856,71.04952339936622,Asia,119552.0
1361,B,1.0726829426107245,28.384196465680684,87.59772540455153,Europe,93952.0
1362,CCC,2.180419092238744,55.08457249406579,27.89399626821871,Asia,154368.0
1363,BBB,1.2798708634330926,33.657292099394226,3.1480280762920976,Asia,142848.0
1364,AAA,1.3166804144263398,49.39045485954102,58.191333479717166,North America,104704.0
1365,BB,0.860067122946842,40.655437214873736,26.634850979420012,North America,135680.0
1366,A,0.557548575933003,25.865157804415624,7.412527405281699,North America,93952.0
1367,AA,2.311373588660583,49.39453400294695,82.11696963795858,Europe,141824.0
1368,AAA,0.3795751302207653,5.9168495164186785,68.99451590784376,North America,49408.0
1369,AA,1.0762958138797314,14.160520458100295,38.38470943902668,North America,79360.0
1370,AAA,0.428065429395649,6.52252444144407,4.529045785246677,North America,47104.0
1371,AAA,0.3797956205095107,46.44627206064324,18.11856096218667,Asia,96512.0
1372,AA,0.2901779813325454,26.843060038367856,29.41411563928227,North America,74752.0
1373,AAA,0.9801486597992244,34.919460115696225,28.039555448478986,Asia,98560.0
1374,BBB,2.265248451922415,15.797712268139746,21.847247094239453,Europe,137728.0
1375,B,1.5460827375737949,22.64589329253175,82.28220671102352,North America,92416.0
1376,B,0.5376358629127342,17.93455739673988,5.362662049939482,Europe,69632.0
1377,AA,0.4869717083857596,35.47460465807323,8.581036124612718,North America,84736.0
1378,AAA,1.112924466028027,33.938944484016794,64.34290230215211,Europe,93184.0
1379,BB,1.1730354020179925,5.775718428955335,3.1240208643737333,Europe,115200.0
1380,A,1.9252188748446275,37.34820308601693,17.57446918338794,Europe,136192.0
1381,AA,0.5895961330078909,42.49585135892498,78.40686284918723,Asia,111872.0
1382,AA,0.966100070138554,57.095044197179675,5.581261869339881,North America,112640.0
1383,BBB,1.4278268348519632,22.138387293144312,27.599588871794488,Europe,127488.0
1384,BBB,0.487408679042058,28.550013411865923,73.90494390154466,North America,112640.0
1385,AAA,0.5704424292546488,34.757294781684884,14.420413331866722,North America,75008.0
1386,AA,1.321265509532792,24.838796052345952,56.06661377215417,North America,94208.0
1387,BBB,1.1345832776474498,32.58480956743131,63.68742112766671,North America,128000.0
1388,AAA,0.4852427610919709,65.58554254319576,21.51116769965069,Europe,105984.0
1389,BBB,0.0756731705769604,23.41179876881699,62.996094314770765,Europe,104960.0
1390,BBB,1.0034978810192146,51.01417111279011,13.83445152202334,Europe,143872.0
1391,BBB,0.7599171913071615,25.31985505593991,32.01089908827346,Asia,127232.0
1392,A,1.3244104775002066,38.81793278904803,53.115020750226726,Europe,128256.0
1393,BBB,1.2921945450928989,66.19312276320383,12.088668982468889,South America,172032.0
1394,BB,0.0744127723223764,18.67329138817655,27.16081125122528,Europe,106752.0
1395,B,1.892184297094212,6.810391747667569,67.6845707415209,North America,84480.0
1396,BB,1.5718801446479058,25.613050194895457,24.130586273590847,Europe,141312.0
1397,AA,2.4084448753132692,49.386700074237744,34.87253288944818,Asia,150272.0
1398,AA,1.9571782944523035,20.268728775016022,10.560562130601925,North America,99840.0
1399,AA,-0.7056716186729506,5.335047376451498,19.57384053767047,North America,36096.0
1400,AAA,1.8591460012869367,61.44462391987422,82.97794862212437,North America,127232.0
1401,AAA,1.942306371379124,30.383348134648525,4.053978239799605,Europe,102400.0
1402,CCC,1.6866743121497216,45.493981934275304,55.879624171373045,North America,123392.0
1403,BB,2.0733288564309595,8.633576967523144,85.19567465920912,Europe,140032.0
1404,AAA,1.0481659317659455,10.667596035309018,61.08950690771909,North America,66048.0
1405,B,-0.4120840492480719,6.426299976623628,43.97964131635433,Europe,43776.0
1406,BB,0.953173493414857,29.69288460436653,21.558581079985327,North America,127488.0
1407,AA,0.01559456677257,27.879095926987457,94.16904110023904,North America,74240.0
1408,AAA,0.0247315704340458,18.532753765142154,42.51270050044875,Europe,57344.0
1409,AAA,1.045149474398499,23.5450646085374,94.79222271709466,Europe,84480.0
1410,AA,-0.5828863204825525,20.589744298331773,85.87195276862562,North America,55808.0
1411,AAA,1.6545035926069325,1.2802326588766813,35.82852122332205,Asia,82688.0
1412,AA,0.2907074870258933,14.847176687249956,62.34354969517947,North America,66304.0
1413,BBB,1.890922885930015,30.232592916759188,15.512819701666814,Asia,152320.0
1414,AA,-0.2034342782555356,29.24922885415909,48.201343727558545,Europe,73728.0
1415,AAA,2.369957547148591,29.14686586714882,84.79004678841122,North America,109056.0
1416,A,1.1529798247574912,39.43663490850936,28.757796921545932,North America,118528.0
1417,AAA,0.8621347517418823,44.25897592475766,54.576814609582826,Asia,106240.0
1418,BBB,2.1684548461552593,20.046443196189827,45.736057012363794,Europe,141056.0
1419,AA,2.166781562541482,31.787650186508294,20.46650745517433,North America,114432.0
1420,A,-0.0447845171426959,31.93460164295373,18.462514355422787,North America,88320.0
1421,AAA,1.1130926497856113,25.0932740163212,13.649069842718998,Europe,82432.0
1422,BB,2.182188369607232,46.33080600185452,92.281932168242,Europe,175360.0
1423,AAA,1.0173367098612662,14.777850720802288,19.043496755639023,Asia,81408.0
1424,AAA,2.3232832309854663,5.133813671845698,40.43993202336363,North America,84480.0
1425,AA,2.1255220867850277,58.53322397694512,37.436553851839726,North America,137984.0
1426,B,1.6912686310501268,49.4274849088108,8.444831389774087,Asia,129024.0
1427,AA,0.6490916747569841,14.8166065737415,0.9901212018057604,North America,69376.0
1428,AAA,1.1157296975538298,24.73344590332494,68.68134021014043,North America,80128.0
1429,AA,2.2501392396700908,29.393638709955084,9.815259108119424,Europe,118784.0
1430,AA,2.462396705207018,61.88247538808515,64.94405704171797,Europe,154368.0
1431,AAA,1.083195045410518,19.985172350710243,93.45240944372208,North America,76800.0
1432,AAA,0.7536207161957038,34.50037418436558,10.834051690582536,Europe,83456.0
1433,A,2.5149382194827345,35.22132073609234,39.80005881921792,Europe,147200.0
1434,AAA,2.9318733304533353,8.23606511781323,71.69222298516851,North America,100608.0
1435,AA,2.1051569123598615,25.29499106940292,36.54450773069813,North America,108544.0
1436,AAA,1.136649041920584,49.66215723485016,49.20936286710133,South America,115968.0
1437,AA,1.13374496242771,50.7200288821853,3.937061181600387,North America,110080.0
1438,AAA,1.800577965953218,3.355502338478588,71.60599678225532,North America,74752.0
1439,AA,1.8434203568127372,14.946773360552449,63.642928185775325,North America,96256.0
1440,BBB,0.6401866984949831,36.84218763519957,48.46032086725042,Europe,126464.0
1441,AAA,1.6885929999809075,25.411720022090726,94.45667667383049,North America,93184.0
1442,BB,1.3249924728671172,46.19189695595771,92.78495220302288,North America,153344.0
1443,AAA,1.7556730938542338,20.081726794124673,97.06330123283716,Europe,95232.0
1444,AA,1.944633625654251,30.10663996937413,89.03165490758501,Asia,127744.0
1445,A,0.6575699311078502,13.53762927535974,13.320600532695147,Europe,90880.0
1446,BBB,2.0937009255963477,28.94733092346059,25.13886979866767,North America,140800.0
1447,BB,1.5539385765552507,33.63310529175088,58.21531028271617,Europe,150016.0
1448,AAA,0.9446638866223394,29.19303125502014,42.86416944458647,North America,79104.0
1449,BBB,0.313894806676356,32.353336131346296,98.50708944074576,North America,113920.0
1450,AAA,1.471357013826013,43.88479327635925,71.74102380679928,North America,103680.0
1451,AA,1.2274166444254002,39.64903767351858,28.681445273392292,Asia,118528.0
1452,AA,1.0264897541771754,33.05265680989609,87.39568795090648,Europe,103168.0
1453,B,1.5406308600922678,33.862887465085876,79.16264930014285,North America,101888.0
1454,AAA,0.1958913056181508,27.74485402172427,41.09254093240358,North America,63232.0
1455,AA,0.9745761364334632,33.46714652780239,66.87762488031048,North America,95744.0
1456,AAA,3.1745501089564248,12.064389274985786,35.46697947578471,Europe,111872.0
1457,AA,1.623624637551364,21.063424726763554,5.844996245702649,North America,93696.0
1458,AAA,0.9676700402181144,12.89441705367943,73.92352676178288,North America,67072.0
1459,AAA,2.037853914778269,24.066699731503448,86.05637389186617,North America,98304.0
1460,BB,1.461577793987666,14.720652003411496,35.30361490667451,North America,125184.0
1461,BB,-0.1476031595664766,38.59605432087679,19.05173726992816,Europe,119296.0
1462,AAA,0.4579738989363672,23.315389124889087,13.229108143402756,North America,62720.0
1463,BBB,0.1645516197354612,51.66666565561977,83.79408324548928,Europe,132608.0
1464,AA,0.0586376009936957,9.01820253219199,96.69864636033864,North America,58880.0
1465,AAA,2.0249542913092347,17.1432911606933,42.390499624682334,Europe,94720.0
1466,B,1.1529915550193122,62.74291217984479,9.482195995733443,Europe,120832.0
1467,A,0.9827904294128988,18.597817500400236,71.08784642721801,Asia,114688.0
1468,AA,-0.601183724672484,38.68967199044982,44.91563650144166,Europe,74240.0
1469,CCC,1.3098139826916273,45.21169527851277,60.95722321711203,Europe,121600.0
1470,CCC,-0.6772740884971893,43.93617245149538,10.653618454692229,Asia,88832.0
1471,A,2.3360271430049453,13.354333790247766,89.74299439043249,Europe,127744.0
1472,AAA,1.4907168320446806,25.780986345584832,43.93190956033294,Europe,91904.0
1473,A,1.927254230205559,75.54361806799797,72.5083255044622,North America,167424.0
1474,AA,2.831858578154639,25.22930591666956,62.86894960841947,Asia,139008.0
1475,AAA,1.762047818443235,21.722572102419356,49.06605691592109,North America,88576.0
1476,AA,1.1217946638321843,5.13390656961529,78.2821502745535,North America,74752.0
1477,AAA,1.6991550568447589,63.333615381682606,62.319528892910384,North America,124416.0
1478,B,2.4448592585767357,13.668833848798712,76.3893193134831,North America,101632.0
1479,BBB,1.3788814554197055,13.707529217197589,84.16201534572906,Europe,122880.0
1480,A,1.2523166610844232,39.8840584473888,66.16085722756554,North America,123136.0
1481,CCC,0.7319278200649941,34.37329463115702,15.55732470553388,North America,92928.0
1482,AAA,2.269450323071201,15.629074516662264,85.21067113971314,South America,110336.0
1483,B,0.1612675700629191,22.389889333085016,37.41173861555636,Asia,77824.0
1484,A,2.550950394382954,12.411373596574403,6.076719475098846,South America,135680.0
1485,BBB,1.012967663636251,26.407888144126584,56.29910575605359,North America,119808.0
1486,AAA,0.2361987708748201,19.848664002120113,14.833315771651524,Europe,60928.0
1487,BBB,0.4982843832283394,26.945281450071217,90.3307385630886,North America,112384.0
1488,AAA,0.4406624564248174,12.104787385717383,75.51892809303239,North America,56320.0
1489,A,1.3652609341406166,29.786433068108735,50.64302566545409,North America,115712.0
1490,BBB,0.5850723226358393,18.072317942590765,29.419492562840983,Asia,117504.0
1491,AAA,0.5214034372327571,55.04499256362535,87.6384699462636,South America,111360.0
1492,CCC,1.1958419748013394,26.80787466523306,18.10267226238631,North America,95488.0
1493,BB,0.5414910219858599,27.204989265655804,66.40757146961381,Europe,125440.0
1494,AAA,1.3792786808912751,33.7988090188593,14.858613540652666,North America,89600.0
1495,AAA,2.347897166505976,4.824118331672173,46.760032912825054,Europe,90368.0
1496,B,1.1023105001223052,7.438985829068484,94.956141760373,North America,71424.0
1497,B,0.6971782279328884,8.360211472902947,6.800103370685062,North America,59136.0
1498,B,0.1985330297338043,19.024479542580032,93.15111212215652,North America,64000.0
1499,BBB,0.8182946151779671,23.66930125049174,3.029391760809419,Europe,115712.0
1500,B,2.62594857996789,4.713303331454588,39.19849789258601,North America,94976.0
1501,BB,1.216921569874795,28.15518350158092,84.41794901997103,Asia,150016.0
1502,AAA,-0.4746102338260902,5.597881635514602,26.738523831825688,Europe,35584.0
1503,AAA,-0.345782343478396,18.539426365292535,87.17218554368847,Europe,52992.0
1504,BBB,2.154302411213566,34.358828653260254,19.84752419686021,North America,146432.0
1505,AA,2.0311811191605966,17.126286783789897,6.3935625246989485,Europe,103680.0
1506,AA,0.3180478241685993,31.201567702510392,55.80110379819595,South America,95744.0
1507,BB,1.1776601304551086,26.356795276845403,6.542165059094462,Europe,133376.0
1508,AA,1.938895648843948,19.148182943255815,45.56473374901508,North America,100608.0
1509,AAA,2.2126631634213743,4.066594836222288,41.827194009408885,North America,81408.0
1510,B,1.9414651610797264,43.87339169309826,46.38532621257286,North America,116224.0
1511,B,0.9105370098587048,35.1028216161727,60.06520620620649,Europe,95232.0
1512,AA,1.3376658647183275,40.861971313079415,53.85267031515456,North America,108544.0
1513,AAA,1.4002918091254195,28.625877031019797,22.674080239171634,North America,86016.0
1514,B,2.4575968008958595,37.332658410198974,67.2998028997001,North America,121856.0
1515,AA,-0.1572973963188688,69.7391245531817,62.01927047320982,Asia,120320.0
1516,BBB,2.99272257332628,19.59250713202077,77.86276963401865,North America,153088.0
1517,A,0.9245515703272156,28.171186008324632,30.5452125106786,North America,104448.0
1518,AAA,1.30644636815174,23.254683389158615,52.13859724209306,Europe,86784.0
1519,B,0.3936586689659821,46.55824457219199,8.819074149384122,Asia,101632.0
1520,BB,1.057080013902758,10.239827988372094,38.25774527472174,Europe,119040.0
1521,BB,1.1352678217500305,56.31198717880051,60.81780025253752,Europe,162048.0
1522,AAA,1.7827596397171366,41.8050907309248,9.335128232463852,North America,104192.0
1523,AAA,2.054927549717341,75.87630184104569,51.87239754693077,North America,141568.0
1524,A,1.120194379263689,10.360557701063131,24.5999357508784,North America,92416.0
1525,CCC,3.011016461146516,54.563968770818825,81.50663064856231,Europe,163840.0
1526,BB,0.7410482852779685,3.0404129241956497,51.6023121799053,South America,117248.0
1527,AA,0.5162849537885182,11.652821462643528,68.07614187209387,Europe,73472.0
1528,BB,0.6880090990781833,30.160414240023847,92.93118031377166,North America,127232.0
1529,AA,2.0582368700956755,33.592339193742845,18.0723635415978,North America,113664.0
1530,BBB,0.0825227629224569,28.421659782621703,78.45628200436693,North America,104960.0
1531,AA,1.6655311670618935,3.688321948190734,76.59242723067783,Asia,98560.0
1532,BB,1.014713308712924,9.811750354199653,72.79364126126924,North America,114432.0
1533,CCC,1.9677226226906697,28.41389214025965,48.03209482759525,Europe,118784.0
1534,A,0.2998291161960529,18.88226228816701,43.538797432395256,Asia,100096.0
1535,B,0.6042605391837184,31.72326397953563,41.35544730868753,Europe,85248.0
1536,AA,-0.107883631454281,7.404067377849841,19.495068756930166,North America,49408.0
1537,BBB,1.6422076023197842,38.01701112329745,93.68118042540569,Europe,149504.0
1538,BBB,1.4428470177453667,7.830598619785811,50.20363996690739,Asia,126208.0
1539,AAA,2.851745369055503,39.97923493837439,46.551711205782496,Europe,130560.0
1540,B,0.6948002649193594,20.299089125689065,76.05771312209656,North America,73728.0
1541,AAA,0.684422542359365,23.365667735503788,32.94619390196193,Europe,73728.0
1542,AAA,1.294780990640361,47.04477177715171,66.84371342068413,Europe,108032.0
1543,AAA,0.6303857993561519,14.795418226921612,38.765723511413,Asia,75008.0
1544,AAA,1.1306739313514422,39.38515923892036,42.07512974823074,North America,91392.0
1545,AA,0.4199798201217434,47.53544720630158,16.463885882871843,Asia,109312.0
1546,AA,1.4517186264488584,26.41762700273249,56.0544945707383,North America,98304.0
1547,B,2.175497124941024,22.25893066363715,7.546865755556897,North America,99584.0
1548,AAA,0.5367299010350697,18.498884340666315,82.00716012801593,Asia,79104.0
1549,AA,1.5910487231916697,28.183639417028395,8.11375068489102,North America,99584.0
1550,AAA,1.7968658552211725,33.43598853124038,75.06666565723658,North America,101120.0
1551,AA,2.2922343100473372,3.220530127607997,86.66256029794727,North America,96000.0
1552,AA,1.1866845428325865,20.963244221040572,86.36992689237229,Asia,104960.0
1553,BB,1.0716770297832698,13.424166315642614,0.3580440262806239,North America,114432.0
1554,AAA,1.4732014160631135,2.9451195216138455,7.969352210804059,Asia,79104.0
1555,BB,1.5041788494612705,40.47275105637446,96.04315107445096,Europe,157440.0
1556,AAA,0.0636970599815447,48.28064573640568,62.69928958915909,Asia,94720.0
1557,A,0.0649901956284642,6.828023366218824,85.88347392550519,Europe,78080.0
1558,A,1.6694512298529611,13.853067621588789,91.44209421653436,Europe,115456.0
1559,AA,1.053220320570586,30.642761442359873,74.8982449487005,South America,110592.0
1560,AAA,0.4086075526424968,18.808935738791583,64.39078957766947,North America,60928.0
1561,A,1.9692154925204135,13.280647432103834,24.52262242633434,Europe,116480.0
1562,AAA,1.0938459333419996,23.88730875344287,47.96736642059118,North America,77568.0
1563,AA,0.7409895139062338,15.279692410512856,83.33947209683716,North America,76544.0
1564,BBB,2.735568322698121,13.217048572622687,10.696948462375143,North America,138496.0
1565,AA,0.4173363413198352,11.81843919664416,43.653892163367225,North America,64768.0
1566,B,0.9175582879419386,34.34429925261576,11.864228052391743,Europe,91648.0
1567,AAA,0.6346449750815542,37.61145408783973,59.84330773006966,North America,81408.0
1568,AAA,0.9563969200056872,18.7326452385756,84.72603326910163,Europe,78080.0
1569,AAA,-0.197576353707912,42.45195919392922,51.058651572642624,North America,69120.0
1570,AA,1.5251088932104233,16.90901555503571,98.77199381721783,Europe,99328.0
1571,AA,2.3081352305939333,44.975947170890166,75.58780524065205,North America,132096.0
1572,AAA,2.0648512019101437,35.93211993487315,26.904499337930908,North America,105472.0
1573,CCC,0.8996506233833667,38.81864165139455,91.7097838260451,North America,104704.0
1574,A,1.5275880330110705,8.667643154237798,99.70911033803404,North America,103168.0
1575,B,0.9768017820737924,22.60978617322984,8.910878219914187,Asia,91904.0
1576,AAA,1.020994462126267,24.03621181212633,98.82235960092322,North America,79360.0
1577,A,2.009467202508284,38.593300766479565,96.7814618310374,Europe,143872.0
1578,BBB,0.5609842619852388,69.1097389034437,99.61506070770535,Europe,156160.0
1579,A,0.3884473036289948,24.393525886641424,36.3765108046459,North America,91136.0
1580,AAA,1.8942078783108796,47.05992561277984,59.58491028089885,North America,113920.0
1581,B,2.406180937638847,25.437335870897986,71.87248014019097,Europe,116224.0
1582,BB,0.9912724056344616,15.90248578411921,27.86638210653205,North America,116736.0
1583,AA,0.393458044480664,30.81324986012135,73.30561060508978,North America,82688.0
1584,BB,0.4464994270619689,3.704364382387381,58.154825326406254,North America,97280.0
1585,AA,2.081541303551349,37.94597865927413,59.17146377651187,North America,120576.0
1586,AAA,0.3108107514329085,24.942517780769897,37.17330872539001,Asia,77568.0
1587,A,0.6206498511080587,36.03930572492179,52.20624388053936,Europe,112128.0
1588,AAA,1.5990272693960004,12.889809664553091,94.31968339715098,North America,80640.0
1589,AAA,2.6909750212013535,10.03392759643565,21.078536704572304,North America,94464.0
1590,BB,2.6271195421508793,26.921338545063776,35.283567322707434,Europe,163584.0
1591,B,-0.1770027172108956,12.277069408025824,33.51356818184993,Europe,52736.0
1592,AA,2.4526723974141493,43.19048348267713,91.0635719538209,North America,134144.0
1593,BB,1.7343709436356902,11.648918979959474,65.23359990089389,Asia,144384.0
1594,A,1.4082802991236774,35.015509318148375,75.59599024424315,Europe,127744.0
1595,BBB,1.4601017507011025,51.41388454428548,40.21080070349268,South America,164352.0
1596,AAA,1.0511842142741148,32.05271358021376,86.92621130181433,Europe,91648.0
1597,AAA,-0.2608965346305421,16.77538149628692,58.4476568377256,Asia,60928.0
1598,B,1.186477577346276,36.93839640737241,47.19752898304297,North America,95744.0
1599,AA,0.749447152976545,46.85582410888727,76.9791882964451,Asia,118784.0
1600,AAA,2.4793898536476,28.418150244719065,40.71417271227461,North America,107776.0
1601,AAA,1.1168271784462478,45.108364256921064,51.326320706750174,Europe,102144.0
1602,BBB,1.5089144339744305,24.707325139735033,9.51376718053909,North America,124928.0
1603,AA,0.4846190242283547,17.553604799420366,68.60746871573753,North America,72704.0
1604,A,0.5582120243455791,23.595554780669616,66.07249268191107,Europe,100864.0
1605,AAA,1.0540554771437265,5.7012921032005455,39.546310282355414,Europe,65792.0
1606,BB,1.8995205599066916,36.123164616102486,32.97113205414303,Europe,157440.0
1607,AA,1.8463538490686155,1.5055141203609428,7.950859943643318,North America,81152.0
1608,BBB,-0.5527271285766693,6.45778442139755,50.9177307568075,North America,71936.0
1609,B,0.1983252141838221,10.427930628774568,40.04633013938861,South America,68352.0
1610,AAA,0.363398798528596,7.440577754989867,74.10699235705579,North America,50688.0
1611,B,1.0640162038223415,25.509265465763864,85.83841745059479,Asia,100864.0
1612,B,2.1817498370799755,35.410339974059845,54.02514362522022,Europe,119296.0
1613,B,2.690433087303483,18.146930081675443,4.4104708665004715,Europe,111104.0
1614,B,2.2661517958221045,32.30309573086881,20.6616773015302,South America,125952.0
1615,A,1.0789015353444067,21.10809585691151,2.7721777875882703,Europe,104960.0
1616,A,1.5933714600495903,10.281445488934278,25.041918708727493,North America,101376.0
1617,CCC,0.6535062423662225,73.68356402530752,5.391143591173131,North America,125184.0
1618,AAA,-0.6451744481481441,6.143572937936167,66.32730294152826,North America,29952.0
1619,A,2.2395623355163075,43.38455177456879,85.58170519402977,Europe,151808.0
1620,BB,0.8837675203938211,21.26575942336827,68.40224160901258,Asia,136448.0
1621,AAA,1.2368739164154297,33.2232244345452,95.45500319903122,North America,91392.0
1622,AAA,2.3717257143214248,13.697631028017888,18.167569540728845,Asia,106240.0
1623,AAA,1.5799785383446954,43.752245157937494,17.13754254562041,North America,102400.0
1624,BBB,0.4777606051539971,34.13118388302397,21.45292720157739,Europe,119296.0
1625,AAA,2.1355975197294126,1.3881574239138736,44.35347467546642,North America,77824.0
1626,BB,1.6391940607167204,20.828807790094025,50.084017029770486,North America,134656.0
1627,BB,0.3797345570563727,41.437180026218854,32.5731240410872,North America,127488.0
1628,AAA,1.7273854823214534,79.82982453026013,42.710368967104664,Europe,143616.0
1629,BBB,1.1998368028420052,26.491748276729123,37.933518518063394,Europe,127744.0
1630,AA,1.0056035329081756,65.19584509876104,63.27944841397033,North America,123904.0
1631,CCC,0.5690841886786151,20.38646054930364,55.15684661992687,North America,80128.0
1632,AAA,2.2757640070740988,7.845473727104017,87.92251581524529,North America,88832.0
1633,AA,0.4441120099047841,5.9360498201597185,73.83505779829305,Europe,67584.0
1634,AAA,0.9593516218413782,46.492475024977765,53.177719118277686,Asia,109824.0
1635,AA,-0.0467046530489714,10.021470204237092,66.20264717332516,North America,55808.0
1636,AAA,1.2855764477583234,18.451471224238556,20.88520012817098,North America,75008.0
1637,BBB,1.1593711256183374,14.208158056413364,42.090191209201535,Europe,116480.0
1638,AA,0.3057882056971367,33.458416669764304,35.52383222990558,Asia,96000.0
1639,B,1.0769781380301346,26.672106814325,24.27477549099364,Europe,88832.0
1640,AA,1.6901753536142206,76.01393018655568,81.4610836558521,North America,147456.0
1641,BB,1.7051698035178655,17.979408919605604,5.768994791013549,North America,130816.0
1642,AAA,1.5424333543546822,9.062841965988168,82.47212144629847,North America,75264.0
1643,AA,1.2699594259603866,12.311248001848258,34.05017147533541,Europe,86528.0
1644,AAA,1.6595960839737094,63.540125562299835,88.89081152227241,Europe,130816.0
1645,BB,1.2462731392610698,48.263313219627776,58.95598375019585,North America,151552.0
1646,A,1.5884166602615912,29.76589578204193,57.626860328262886,Europe,125696.0
1647,AAA,0.8677625508850121,19.130816531049252,48.24239207947708,North America,69120.0
1648,BBB,0.1667119199235329,22.91879851958497,54.53086674348142,Europe,105728.0
1649,BB,0.9235532462460132,27.83099503010324,31.287694939894795,Asia,140800.0
1650,AAA,1.5309549390271573,18.071990129610544,73.65778624168625,Europe,87808.0
1651,AA,1.4939477460310853,30.024459182478303,93.48779451267929,North America,104448.0
1652,BBB,0.4112116534891865,3.8410691519795743,18.79777048087714,Europe,91648.0
1653,AAA,0.1595667594504584,10.521755682850827,18.905404629389324,Asia,61184.0
1654,BBB,1.3332669685182776,38.15012285487704,46.96102857355612,Europe,140800.0
1655,B,0.6480424454637832,24.012908989555076,64.42329283863157,Europe,80640.0
1656,BB,0.12326767259741,7.735954947039907,47.562860837887264,South America,109056.0
1657,AA,1.539281840091932,10.257878868320576,78.42310361458269,North America,87040.0
1658,AAA,1.6158774826454634,12.855171614180827,88.01487851877721,North America,80384.0
1659,CCC,1.104796919340748,33.277315203534,32.17049087007886,North America,100096.0
1660,AAA,2.156883735094869,50.73282435172383,9.195732753692688,North America,119040.0
1661,A,-0.0102523603536772,15.32920013433778,37.58829342523744,North America,75776.0
1662,AAA,0.8022120904867562,8.044651882807207,18.84497673847021,North America,56320.0
1663,BB,1.628431127584023,33.32031431091282,66.95071207205675,North America,146432.0
1664,B,0.4111744135335615,36.75130599850942,32.82094707997221,North America,79872.0
1665,B,-0.7050113022801425,33.59070465012021,18.315066740148723,Europe,60160.0
1666,B,2.463181589809422,16.178169765169645,95.40441145166166,South America,120320.0
1667,A,0.7466250905098876,13.358139687515123,65.91809941555495,North America,90368.0
1668,BBB,-0.3132928554253307,29.877904417296264,35.373905436556505,Europe,101376.0
1669,A,1.657164793551658,20.21986408464232,93.47095322632522,Europe,120832.0
1670,B,1.5840688381253707,23.174516321608564,70.08872053562374,North America,92928.0
1671,AA,3.6803357516292055,33.553509482187565,29.09960410800495,North America,145664.0
1672,AAA,0.6276772018869895,11.287455412730734,83.3275657937046,Europe,65280.0
1673,AA,-0.3755409066806621,34.4526376107167,69.61711371817493,North America,70912.0
1674,AA,2.9782431972676364,4.80828147835864,96.65639767712486,Asia,125952.0
1675,AA,1.3501241203176486,34.24989245998968,77.79074994214031,North America,104448.0
1676,BBB,1.263392902331059,49.80093298767561,98.80402830985297,Asia,162304.0
1677,AAA,1.9102126660153416,47.262312515939485,40.08034191764489,Asia,128000.0
1678,A,1.594655656633224,20.552960763741744,33.63592548675288,Europe,116224.0
1679,AAA,0.3405548618274768,10.11667462356178,92.05840593472772,Europe,59136.0
1680,AA,0.9112919686956328,15.77721540595386,72.25126292308235,Asia,94464.0
1681,AAA,0.5719721139687304,32.72272054582102,66.17650412337656,Europe,81664.0
1682,CCC,1.5001206959104905,56.76722814354661,96.28830571812703,Europe,137472.0
1683,BBB,1.0773223481040817,29.187145008455513,92.99343344341388,Europe,131072.0
1684,BB,1.0643908310861123,31.360208151092618,29.100190910565104,Europe,136960.0
1685,A,3.3069221607649126,12.207975276202584,28.60202107243359,South America,151296.0
1686,B,1.67393811446894,2.0692486670293584,96.81368604955736,Asia,92672.0
1687,AA,1.9211911413145129,12.33288292513672,46.20394137337611,Europe,99840.0
1688,BB,2.6264821349106846,28.663579571773045,23.419260943631937,Europe,164352.0
1689,A,0.8958887271380256,15.71280046573264,25.16148898842023,North America,92672.0
1690,AAA,0.5193180477940331,31.110017797088084,45.158731560993125,Europe,78080.0
1691,AAA,0.3329652279315904,48.993119805155985,43.79108432879977,North America,84480.0
1692,BB,1.905816733270587,38.517586230493734,11.064555358803164,North America,152832.0
1693,A,1.513383138363415,23.191043213589943,13.397082676635977,North America,110336.0
1694,AA,1.1195453169580214,17.56369514670816,60.27820370021375,Asia,99328.0
1695,AAA,0.402020126201803,26.21665641304358,33.649382989291276,Europe,70912.0
1696,B,-0.3980214574685197,13.087975023629324,14.898840231831445,Europe,48128.0
1697,AAA,1.5485305644979357,42.165927173325784,52.28670989254389,Europe,108032.0
1698,CCC,-0.1232920683941523,23.60905192994073,87.07541869159361,South America,86528.0
1699,CCC,3.817232963898433,42.51766255981704,8.545422066984166,North America,158976.0
1700,A,1.0613294969810787,34.56849395648424,58.949327924282834,Europe,119808.0
1701,AAA,3.0470593979575575,29.586732388610915,57.32938188148684,Europe,125952.0
1702,BB,1.2925508723235368,51.64687977508648,65.36204478339987,Europe,161280.0
1703,A,1.4822121014992315,4.309075302188501,25.370547064481354,Europe,99328.0
1704,B,1.983008165658758,22.21586668919736,84.94996531885617,Asia,115456.0
1705,BB,0.7179525548723074,67.05751515695484,71.2584295191441,North America,158720.0
1706,AA,1.1121249132611422,35.81843920309568,61.56492645177249,North America,100352.0
1707,B,2.0598942495150574,22.8904042376651,58.11199286357649,Europe,106496.0
1708,BBB,0.3298264949364625,47.30348592212805,52.81492961160602,Europe,130048.0
1709,BBB,1.181568517842029,51.49347060830419,93.93346167940553,North America,147200.0
1710,AA,1.8700177833615896,0.3512785256102724,75.92997182176909,Europe,90112.0
1711,B,1.6859981196954377,19.20846005052473,20.648982746497,North America,88320.0
1712,BB,1.663356544467803,22.898899648149783,10.47889198101448,North America,134656.0
1713,AAA,1.450721838031563,35.49197867602281,63.6171910374386,North America,95488.0
1714,B,-0.3001553463152266,18.175399277800295,53.97692484036695,Asia,66304.0
1715,BBB,0.8868261517730007,59.38506679549824,19.86375840397603,Europe,149248.0
1716,AAA,-0.0619848166081504,10.264952854025715,47.026077550095856,Europe,48896.0
1717,BBB,-0.2731681112315236,14.336620660442984,8.236396540552294,North America,81664.0
1718,AAA,1.2913311849046156,31.493905053889225,63.83955606238754,North America,89088.0
1719,BB,-0.0479220618607441,30.333157271477056,76.02123085452557,Asia,126976.0
1720,AAA,0.7603455631150098,40.10795263533954,17.47819113835771,North America,83456.0
1721,AA,-0.4937788387750159,26.202817868110923,75.71681926923607,South America,77056.0
1722,BB,0.7430272432952022,8.652820721758003,88.05770230926028,North America,109312.0
1723,A,1.03681681700272,31.930991433127065,91.2336058075594,North America,113664.0
1724,AAA,0.5998919292472916,13.412685710869845,33.848857887836324,North America,58112.0
1725,BBB,2.588936317639003,39.608678716621846,82.59810023568046,Europe,168448.0
1726,AAA,1.010702510585309,20.985944051324697,29.766161954503545,North America,72448.0
1727,B,-0.0718221166233687,4.707608486001617,68.59935883958455,Europe,50176.0
1728,BB,0.5546999287162336,28.48546607537398,99.49125949699994,Asia,138496.0
1729,A,2.7361800914611294,41.8339296465161,73.39164580744536,Europe,159232.0
1730,AAA,1.9860084279997936,42.617488048732234,42.87152478160476,North America,110848.0
1731,BBB,-0.6109398373851729,8.80942743599054,41.63010386696991,North America,72192.0
1732,AA,-0.2029631235509763,13.235318925253573,47.9457214845056,Asia,69376.0
1733,AA,0.9996530322848756,3.532396459308832,3.9820914649018824,Europe,71680.0
1734,AAA,1.2661577036525684,35.57314126210011,17.999229575257004,North America,89344.0
1735,BB,2.3745965491047345,30.972427062284012,9.399257399392024,Europe,160512.0
1736,AA,1.2277428297668096,51.239443911975904,91.65426103830164,South America,132864.0
1737,BB,2.2318973695120627,1.5242724927635545,51.113919724052984,Europe,134656.0
1738,B,1.5731337787535442,16.65362407574745,75.49422278668617,North America,87296.0
1739,CCC,1.7052746050359966,25.166404579080652,90.07628827696564,North America,108288.0
1740,BBB,0.8316646805212901,17.744536850808796,95.57944149224606,North America,111104.0
1741,AA,1.386141873581775,23.50667034257109,91.94240453881528,North America,96512.0
1742,BBB,2.4411269080489424,42.436742527397456,30.78473272463428,Europe,164864.0
1743,A,-0.3280235364449364,27.920810389539223,31.057025144482953,Europe,85504.0
1744,B,2.1695083006389817,37.17472687244216,64.19985001755106,North America,115968.0
1745,BB,0.6524101968125606,47.34168563972704,85.19216655675982,North America,141056.0
1746,AAA,1.3000945187252189,10.790181852717264,77.0058508629198,Europe,77312.0
1747,AAA,0.9187333470900184,21.706849261540004,39.245358483295,South America,87040.0
1748,A,0.2551084568971711,27.09165472359663,43.3500333466072,North America,91392.0
1749,AAA,1.1263716797028391,29.259646093980685,82.94669339437466,Europe,90368.0
1750,AA,1.3425577649207383,51.33389990247563,97.59480486171842,North America,120320.0
1751,AAA,1.9340793807976928,38.7854038866144,32.20130499902471,Europe,111104.0
1752,BBB,1.8202997815890152,45.53537046101533,85.65190059210765,North America,153600.0
1753,AAA,1.7112892555768144,12.961686989638096,95.52635119914306,Europe,88064.0
1754,AA,0.6677600975127257,52.08721010849086,78.67881431818553,Europe,112384.0
1755,BBB,0.6533845297565563,36.019986648106205,26.823451231273665,Asia,134144.0
1756,AA,0.2131240425975309,25.89896779874862,99.31033794082778,North America,76544.0
1757,BBB,0.5881074170678522,20.887478901919163,7.431418525072086,North America,103680.0
1758,AA,2.1217116219463295,47.59637743235675,41.195192125519085,Europe,134144.0
1759,BBB,0.3897067127343989,48.045652636664265,62.34487325225757,Europe,132352.0
1760,A,1.3162663114263036,30.914726380280232,91.23992122108508,North America,118016.0
1761,BBB,0.5571504461492837,20.79035675355052,75.68984290430866,Asia,122112.0
1762,AAA,1.3945010282122725,12.31486103335308,22.974115146075302,Asia,86528.0
1763,AAA,0.7378900487222037,27.11009342068506,11.807072704805464,Asia,86272.0
1764,AA,0.7548800682095776,18.78546594355667,61.32919045142196,Europe,83968.0
1765,AA,0.401266695135812,39.4335460378074,40.43820808248625,Asia,103168.0
1766,AA,3.1482559676606834,67.02139357818182,36.513893231326186,Europe,170496.0
1767,BBB,2.285377751862397,49.20542949239351,62.55038482306927,Europe,169728.0
1768,AAA,0.7177109484809844,10.781558256807584,42.51609281529857,Europe,64000.0
1769,AA,1.0543909957958826,43.09718384776674,58.99335632286078,North America,105216.0
1770,BBB,1.9963295516346915,16.616635559220764,49.452195648026375,Europe,135168.0
1771,BBB,0.7567943839302459,21.291220491224085,86.63274143071474,Europe,117504.0
1772,CCC,2.0371152828653174,10.503048506935652,9.868160787367774,Asia,111616.0
1773,AAA,0.8542467281796222,32.782320835323645,22.579407283337773,North America,79104.0
1774,AAA,1.0660405516265077,41.740631330911825,51.80850636933262,Asia,107776.0
1775,BBB,1.7661495303741677,29.862835454258057,25.384233515584175,North America,135168.0
1776,BB,2.980782089412961,44.40902711774991,67.72710360974848,Europe,187392.0
1777,BBB,2.1276605439331773,4.6692990699634045,82.48437608280864,Asia,138752.0
1778,AA,1.4517532992607936,17.171636857086966,66.07740539247888,North America,90624.0
1779,AAA,0.3411394128511579,28.54425147709698,0.6255423606566946,Europe,69632.0
1780,BBB,1.5493285923692912,15.77595370106962,38.12030102972423,Asia,134400.0
1781,AAA,1.3568818120094697,22.19552011002901,40.43107354170198,Europe,86016.0
1782,CCC,2.486383922755424,13.166820876809842,45.804839843646015,Europe,115456.0
1783,B,1.8821978395076435,18.77638902447124,83.47703905847914,North America,95744.0
1784,AAA,1.194013549432501,17.2453797492101,94.24784637649503,Europe,81920.0
1785,BBB,1.6606779939863563,23.21134824667483,18.883127994364003,South America,142336.0
1786,AAA,0.6921603178846352,57.55398814521959,72.78153583622637,Europe,105984.0
1787,AAA,1.8242885851278363,14.68510131494743,81.68994637451637,North America,85760.0
1788,AA,0.1114480539844913,5.785205548242107,25.121738614986068,Asia,67584.0
1789,AA,1.0979905573271918,63.14612838166417,68.67318407742098,Europe,129536.0
1790,AAA,1.153603394058035,12.118629398826998,26.25334399656507,South America,82176.0
1791,AA,2.11708473761329,16.01431070713674,91.65806293830816,North America,104192.0
1792,A,0.0714396690843668,22.37653522094907,9.289671401003195,Europe,87040.0
1793,B,1.510802358533598,53.08722796285467,23.49246669674877,Europe,120064.0
1794,AAA,1.07536542658028,5.276901775871518,2.158948521231996,Europe,63488.0
1795,BBB,-0.1467711782888827,11.159797200616962,40.61683107080397,North America,83200.0
1796,AA,1.1527667353077793,7.245475170383167,60.20841025449294,Asia,90880.0
1797,A,1.0830943553507424,27.57094604633457,54.65622598440396,Europe,113920.0
1798,AAA,2.117110781619446,10.966352439393797,52.76361227624755,Europe,91648.0
1799,AAA,0.7426801185694308,5.812726333701344,61.226323582395935,North America,55808.0
1800,BB,0.5928570736532461,8.47610879144644,68.6841296547862,North America,104960.0
1801,BBB,1.7605163700416493,35.01647919764057,97.48543927569597,North America,144128.0
1802,AA,0.6877251114337752,53.294856949667725,47.04861328270679,North America,106496.0
1803,AA,1.6887320531954872,47.38335736550232,87.70057551628638,North America,122880.0
1804,AAA,0.4645971641148788,72.19487152174324,33.0159640890206,North America,106752.0
1805,A,1.7774635030924817,20.40973739830342,88.30991665290972,North America,117504.0
1806,AAA,0.5195561254283575,7.590641910854864,65.58892215003247,North America,53504.0
1807,AAA,2.2283223831221255,34.618364208820026,27.41430573054835,South America,122624.0
1808,CCC,2.3160096630286757,19.274943874087725,63.99597265969086,Asia,128000.0
1809,AAA,2.271015517719736,26.95223433848872,31.959927216202487,Europe,107264.0
1810,BB,2.8844062664694983,19.700787655106396,5.79523925550538,Asia,169728.0
1811,AA,1.1796027327963934,18.997576247250144,86.59830337240103,North America,88320.0
1812,BBB,0.3499465495762373,32.13099743338388,50.19202898267701,North America,111616.0
1813,AAA,1.4166098762964796,30.91704443934366,47.5723945262916,Europe,95232.0
1814,BB,0.8659539334158102,35.72528134767668,40.49364214675919,North America,132352.0
1815,A,0.3763289062772105,26.354463822932615,56.99218730094435,North America,93952.0
1816,AA,2.389959761426106,50.8709604884106,5.8752720184135026,North America,134400.0
1817,AA,1.0215349725903624,26.023178786462804,85.83970008951319,North America,91392.0
1818,B,2.3753970253120418,46.4032268177225,21.161901191917607,Europe,130816.0
1819,BBB,1.4683301696681108,29.419473766736303,77.42932649329519,North America,132352.0
1820,BB,1.5717318440991783,17.857938407947767,1.7455233136014825,Europe,133376.0
1821,AAA,2.2404347887349916,30.20355849069996,62.623795889749886,Europe,111360.0
1822,AAA,2.2625068601565435,27.078386280164292,49.11719928014215,North America,102912.0
1823,AA,1.8349718968096915,13.628956107587054,0.6665485635279023,North America,91136.0
1824,AAA,1.9623307701050297,35.78070123423945,68.48558010047029,North America,105984.0
1825,AAA,2.3444239894382264,16.4117388135938,51.03147651761384,North America,95232.0
1826,B,1.1042102454780358,35.769241438537364,90.97272939422916,Asia,110848.0
1827,AA,1.0768986154847249,10.56444477407735,10.172715115183385,Asia,89344.0
1828,AAA,1.52786474848571,5.393399854755302,13.394140879111784,South America,82944.0
1829,AA,2.713663696467615,22.811006420776568,53.391633118620554,North America,119040.0
1830,AAA,0.7446987283845417,15.96905755960137,36.19970212463295,South America,78336.0
1831,AA,1.5825849152377829,13.060315100146727,26.543497036020803,North America,87296.0
1832,AAA,1.8383204733046743,40.65789967539312,28.907426392048908,Europe,110592.0
1833,AAA,3.310052798647894,24.435106705643967,52.169725266742006,Europe,126208.0
1834,A,0.9976135026451496,3.658840805260128,62.15687898204488,Asia,101376.0
1835,AAA,2.166381976113173,8.932678602655368,73.87051208294486,North America,86784.0
1836,AAA,1.99649612142058,26.39702959555923,28.694268637690467,North America,96000.0
1837,AA,1.4892768197522368,38.14449704060824,87.96638916139639,Europe,116480.0
1838,B,0.0618835675508064,6.89016440216486,90.6861634209861,Asia,65536.0
1839,AAA,2.2410198004842177,24.9184493037562,29.14905562635692,North America,99328.0
1840,AAA,1.2465680733890951,11.47002876946114,99.3767068427638,Europe,78336.0
1841,BBB,0.6397976553873435,22.55020479848035,80.45777174990447,North America,110592.0
1842,BBB,0.6140429532652659,62.11679552504306,8.976063808930801,Europe,145664.0
1843,A,1.4024013773674318,18.875231948001765,33.5773919174206,North America,105728.0
1844,A,0.7537821429071755,9.8506243687793,88.33101630616996,North America,88832.0
1845,A,0.4792572454614745,47.53045496559188,99.9829680477864,Asia,131840.0
1846,CCC,1.3673802628979608,31.6666647567321,5.641666813949109,North America,102144.0
1847,BB,0.5899669388965647,40.42186792684373,93.20953806321396,North America,134144.0
1848,AA,0.7973435693961323,31.016358851262233,75.07805632219045,North America,90880.0
1849,CCC,-0.2041971889254696,18.080061330663685,19.36888813794947,North America,60928.0
1850,AA,1.319270898317357,10.417595236631072,2.8385854768910423,Europe,83968.0
1851,AAA,1.0450634201706896,21.54280188747693,86.83813600235256,Europe,82432.0
1852,AA,1.3686849871091469,19.93932605242823,2.5843418904616944,North America,87808.0
1853,B,1.1088486078412945,28.062388127861244,75.36420934904308,Asia,103168.0
1854,BBB,1.2639016479987777,42.6750526189261,9.951009885432828,Europe,141312.0
1855,BBB,0.5999058116080003,43.40208821616187,13.05286988834452,Asia,138752.0
1856,BBB,1.318066846071532,58.27444225491809,77.60830013636573,North America,154624.0
1857,BBB,1.423215413142795,15.75871110433476,13.585236569133963,North America,115712.0
1858,AA,2.3359416475114236,24.437554662389065,76.0196015051093,North America,114688.0
1859,BBB,2.9821160089591796,18.71282600493259,41.3435794558771,Europe,155392.0
1860,B,0.4702242810630461,28.016402062217317,90.92190774900553,Europe,82432.0
1861,AAA,0.296359066212677,14.700831155205002,46.27309895633049,Asia,69120.0
1862,BBB,-0.0888341765827451,23.39014341703221,0.0387773792687951,Europe,97792.0
1863,AA,2.006372720842951,36.35954155570906,39.35091938844823,North America,116480.0
1864,AAA,0.9973700819212108,57.40346440209099,23.485774774697845,Europe,108800.0
1865,BB,0.6874092445651774,37.93386728225492,73.475119766345,Europe,138240.0
1866,AA,2.4839813780894615,31.260804567241298,25.640454549272505,North America,120320.0
1867,B,1.263205074913029,32.11917504462897,34.187440919183345,North America,92416.0
1868,B,1.4175972922032116,59.67704670763499,85.59319048496265,North America,122368.0
1869,CCC,-0.1643823450133412,33.560649021545125,56.61714151177558,North America,77568.0
1870,B,2.043035342227157,20.916773859939816,62.35385771722829,Europe,104704.0
1871,A,0.9823145708198088,12.911420109010924,28.061091012795313,Europe,97536.0
1872,BBB,0.2046494618295655,46.73640512518277,47.26883098366217,Europe,126720.0
1873,AA,1.3862791794898444,2.8892292496648433,7.9539758321502285,North America,73472.0
1874,AA,2.2438271331408783,11.030628837168097,29.488850998146265,North America,98304.0
1875,AA,1.4908720771146886,25.14869640857193,83.75011751740362,North America,99584.0
1876,AAA,0.6885202665936244,3.4009939246265697,59.25171879095669,Europe,58112.0
1877,B,0.4357712202698924,51.27896548297646,72.19213713476637,Europe,100864.0
1878,AAA,1.5025509018784893,19.494971101729487,3.103372335510979,Europe,84224.0
1879,AAA,1.8751326244316984,52.643004797700385,99.6144545363464,North America,120832.0
1880,BBB,1.7117320751062408,35.24483383732366,80.27512402908549,Europe,147712.0
1881,AAA,1.1593190500953057,21.586275299439016,23.750608614039727,Asia,90112.0
1882,BB,1.169886210873313,7.898078382240035,87.5002191724983,North America,116736.0
1883,AA,1.1755885569304645,28.49030544524646,8.252735163331149,Europe,97280.0
1884,AAA,0.0544061836052798,29.240602201894788,34.891658891900676,Europe,66816.0
1885,BB,2.989210169843761,14.668157954615875,43.07739813210546,Europe,160256.0
1886,BB,1.7151119615993249,32.44818334635041,0.6106034609336675,Asia,158208.0
1887,BB,1.2710613423225623,6.196977223827329,54.671829112847945,North America,115200.0
1888,AAA,1.3186065810777992,16.681935491652013,45.72281070124992,Asia,90368.0
1889,AA,0.806724117771436,26.68477532240605,39.196054959923885,North America,84992.0
1890,B,1.8744107441616804,33.81529937755342,18.44617061631084,Europe,110080.0
1891,A,-0.060473366902144,43.5832216142592,3.6686854875011,Asia,112128.0
1892,AAA,1.1704301676323243,13.576326929265564,83.83771669326562,North America,72192.0
1893,AAA,1.7716034860426948,47.121363334976415,2.759143679374565,Europe,113408.0
1894,AAA,2.5109954945441135,8.202049488331028,46.32811510207161,Europe,96512.0
1895,A,2.0163298973326143,7.881174345737032,42.856025515413855,North America,108544.0
1896,BBB,1.466351086108827,29.1969775922868,43.162276063268365,Asia,144896.0
1897,BBB,0.721866850413526,17.044250932496585,88.57262579126638,Europe,113152.0
1898,BBB,1.67123703630032,47.35088444419794,1.2506864920659888,North America,147200.0
1899,BBB,0.7233883715344038,24.23146193758445,8.279786340858863,South America,124416.0
1900,B,1.9633365996651952,16.986846183067954,10.382969500554518,North America,91136.0
1901,AAA,1.6550112161886847,29.02589178111371,55.21749684347079,Europe,98816.0
1902,B,0.2203248640139783,28.15226068175043,93.7284173961992,North America,72448.0
1903,AA,1.8356486290729508,18.88654260761129,62.500103695160725,North America,99328.0
1904,CCC,1.3215760480906076,62.889524153596675,36.88952508485651,North America,130560.0
1905,BBB,-0.4326153255821365,25.599325361919135,63.4311125533904,North America,91648.0
1906,BB,1.3475838022055306,46.139009368477765,4.360207499532576,Asia,163328.0
1907,BBB,0.1781952809093456,29.832833149719285,43.94963648915537,Europe,111360.0
1908,BB,2.3779789951601087,11.111203956295745,3.650557739759997,Europe,143104.0
1909,BBB,2.57931055184084,44.059096562569266,7.582752921871383,Europe,167680.0
1910,AAA,1.110079341148235,9.799742529027206,22.734258421560117,North America,64000.0
1911,AA,1.534067240631415,13.56933313577844,81.55361599033365,North America,90112.0
1912,A,1.9925672667762104,8.64583093517971,92.9002993670612,South America,126976.0
1913,AAA,0.9995868984773856,48.62664936571615,60.56077367636726,Europe,103424.0
1914,B,1.3673451481562693,1.8089636375747944,94.8089549219198,Europe,77056.0
1915,AAA,1.7914186771545,24.20089811105331,65.53273301777469,Asia,107264.0
1916,BBB,1.6297276313178677,59.95600938009558,16.475088894763857,North America,158464.0
1917,AAA,0.8542017471308818,11.856784358325749,10.50922325689536,North America,60160.0
1918,B,2.003953434999289,29.831613173526726,55.6741482016697,South America,121088.0
1919,A,1.2451916432205834,21.541757083775902,6.8756671456217555,North America,103424.0
1920,AAA,1.7111552665826189,19.757685313449876,68.47772633608885,North America,87040.0
1921,B,0.91486959802648,19.50118918617236,3.0598804809449764,Europe,78080.0
1922,AAA,0.7440450878329232,33.784901311127506,45.766456065121055,Europe,84736.0
1923,AAA,0.3729560170772503,3.070919432256682,0.0675160435581467,South America,57856.0
1924,B,1.7234698405115665,24.80914762479025,70.64634640334074,Europe,102400.0
1925,A,0.8257844831819958,33.34744853372671,58.24030561268406,North America,108800.0
1926,B,0.6813326231680013,7.230212420684695,88.83841663145941,North America,62720.0
1927,AAA,2.2050906023742343,17.67012144166938,7.253840363508546,North America,91136.0
1928,B,1.6329115265780851,15.11727243121926,85.61924147059187,North America,87808.0
1929,CCC,1.411281991178511,5.471787753701421,48.84019678098296,Europe,88320.0
1930,AAA,1.324131822249257,22.71247034773438,21.26749398391954,Asia,94208.0
1931,AA,1.071877543949061,27.702690979478135,54.911343070062166,Europe,97280.0
1932,AA,0.9355240719782248,48.390235348927376,91.37178109450495,North America,109568.0
1933,AAA,0.0591699395229026,14.318252839540838,0.5002677441718673,North America,46592.0
1934,BBB,0.0490935954002087,31.686714835683077,28.66229936299257,North America,104192.0
1935,A,0.4627213964091752,26.368782411690777,77.56838340596953,Asia,111616.0
1936,BBB,1.1858195911605165,43.05298405979988,63.80528988921055,South America,153088.0
1937,BBB,1.154835504396745,11.94439983395574,84.22664632878852,North America,111616.0
1938,BBB,1.8571152404711984,22.322841765657135,45.827401836097735,North America,131840.0
1939,AA,0.2805793040823261,11.472301522886218,25.11097009800337,North America,60928.0
1940,CCC,2.3558076420848693,22.022715484202713,62.81950599378523,Europe,121600.0
1941,AA,1.2281531530022831,29.971271513895704,16.89494177746672,North America,94720.0
1942,AA,1.3557584561924487,59.78670546610552,15.286392167971762,Europe,128256.0
1943,AA,0.7533945413427041,15.92962327881059,79.4943941801793,Europe,82432.0
1944,BBB,0.1664672043884152,59.78417346026587,63.9306697145255,Europe,138240.0
1945,AA,1.3835273059915802,22.755922406192987,28.37658383886832,Asia,107008.0
1946,AA,0.2399543105577164,11.133655885065547,89.6136670420208,Europe,69120.0
1947,AAA,1.1833990167905364,24.087791561221483,23.71951922016853,South America,93184.0
1948,AAA,1.3088944289154405,14.920148717931204,39.248236279807024,Europe,78848.0
1949,B,1.7332238066403791,9.756459927741636,38.543233297999045,Europe,87552.0
1950,AAA,1.0653241112331282,46.788707630089384,42.41620715145249,North America,96768.0
1951,B,0.6049575286257411,15.99519382525578,62.9900879360372,North America,67328.0
1952,AA,1.9082634842065944,18.805499301452805,22.78612399995904,Europe,103680.0
1953,B,3.3165478987184116,15.372146961266766,25.158767131012905,Europe,122112.0
1954,CCC,0.8086333828596811,8.864273762081632,77.51027030157243,Europe,81408.0
1955,A,0.1998351853952433,12.533891675508269,1.1480080044008243,North America,75264.0
1956,BB,2.045754314607581,17.346776078038822,41.039332933729035,Europe,144384.0
1957,AA,1.08679923275258,20.434265206488703,78.47650110190145,Europe,92672.0
1958,AA,1.4206782343161133,17.935915925034625,84.21073378430005,Europe,97280.0
1959,B,1.8010987438010608,11.9764172826953,6.873032524395617,Europe,88832.0
1960,A,1.1390451653804077,7.487033523747772,25.146081820860744,North America,90112.0
1961,AA,1.7192373105210712,7.619417391599964,86.22601653999212,North America,88832.0
1962,AAA,2.467311414836666,9.933831634975505,15.455479757788185,Europe,95232.0
1963,AAA,2.107166880795221,41.101920272562175,61.711081009614766,Asia,127744.0
1964,BB,1.846040407579452,6.089269228276859,54.84326476279239,North America,126208.0
1965,B,0.4126996284704747,69.3367501257043,58.7828602715475,North America,109824.0
1966,A,0.0889233842347649,17.41084037126509,2.92044109631705,Europe,82688.0
1967,BB,0.715891843814662,12.057481112660977,82.05357479775188,South America,126464.0
1968,AAA,1.4973736579791566,19.852169244805744,21.752408051162007,North America,80384.0
1969,BBB,1.3273387979459468,6.599776143030906,23.939926400808233,North America,106496.0
1970,BB,2.1287683974624416,16.28062341679611,3.8113226878115136,Asia,152064.0
1971,CCC,1.1907767250167127,3.841129084270874,11.74387574501161,Europe,80384.0
1972,AA,1.0846900582252583,19.091169225201018,68.71139495268977,Europe,90880.0
1973,BB,1.1303152550823126,40.97339250194762,71.73832186768449,Asia,158720.0
1974,AAA,0.4728328593635305,62.28188773744729,5.658821594824415,Europe,101888.0
1975,BBB,1.1719207879721985,10.505225460623402,46.766928079641914,Europe,113664.0
1976,AAA,0.7551397569652599,10.502263482018297,53.764288692378194,Europe,65024.0
1977,AAA,0.8494320262052362,42.96385124344037,59.16381620128121,North America,90112.0
1978,BB,0.7894587705727492,31.34536101388068,29.96957895180753,North America,126464.0
1979,AAA,1.3942682527395311,20.346319040797027,78.93223286895547,Europe,87552.0
1980,A,0.8747050373815854,50.00615871164369,12.542233269715233,Europe,126720.0
1981,CCC,2.003518193032414,8.910631427725871,87.90463129701239,Asia,114432.0
1982,CCC,1.667187215511249,28.41516219601121,88.74964422825057,Europe,115712.0
1983,B,2.023454073466606,32.13237980186136,75.08439796958058,North America,109568.0
1984,AA,-0.3811404035112047,2.267998747255856,75.0316058482492,Asia,57856.0
1985,AAA,0.0555081810678776,40.53981733724969,98.61326552494532,North America,75264.0
1986,BB,2.0966079947322314,10.509145037683291,5.163855210747115,North America,131840.0
1987,AA,0.9241861128366504,34.81048891925289,14.1342204864495,Europe,98304.0
1988,BBB,-0.4671612503749494,39.971264465845074,26.91992551158169,Europe,106752.0
1989,B,1.123169436236123,14.265630799952191,49.254194468961956,North America,75008.0
1990,AA,0.1364470749042321,57.75840360170126,56.252711861087754,Asia,115200.0
1991,A,1.682350473959841,21.475290160020204,67.90067364535686,North America,115456.0
1992,AAA,1.757288159013525,51.65255774408348,92.59237123906638,North America,117248.0
1993,A,0.9185476376001034,7.490055890411002,1.4708388580960352,North America,84480.0
1994,AA,2.2935499256486116,55.47380369331727,60.31317720159248,North America,140032.0
1995,A,2.067067694350895,76.9498807034708,46.688016314714275,North America,169984.0
1996,AA,1.78081480250168,42.17169583651363,41.54487207606474,North America,117248.0
1997,AAA,0.310865995631658,60.65759300110357,64.38015013097449,North America,95744.0
1998,AAA,1.606619771121771,10.017048251835895,53.195931130207526,Europe,81152.0
1999,AAA,1.035564233277902,17.870763983049088,7.756616052774334,North America,68864.0
